Call No.,Job No.,District,County(ies),FAP No.,Job Name,Route / Section,APHN,Estimate,Month
010,110812,1,Phillips,"NHPP, PROTECT & HIPBIP",Hwy. 49 Mississippi River Bridge Rehab. (S),49,Y,"$77,824,000 ",November
012,A10059,1,Phillips,STBGP & Act 416,Hwy. 49 – Hwy. 44 (S),85,N,"$3,092,000 ",November
014,A20044,2,Arkansas,STBGP & Act 416,Hwy. 165 – Hwy. 152 (S),130,N,"$9,597,000 ",November
016,A30049,3,Hempstead & Howard,STBGP & Act 416,Hwy. 355 – Hwy. 278 (S),73,N,"$8,656,000 ",November
020,040904,4,Crawford,NHPP & Earmark,Clear Creek Rd. – I-40 (Phase 1) (F),I-49,Y,"$154,675,000 ",November
030,A40062,4,Polk,STBGP & Act 416,Hwy. 8 – South (S),375,N,"$4,257,000 ",November
040,050439,5,Independence,NHPP,Hwy. 25 Str. & Apprs. (Independence Co.) (S),25,Y,"$5,301,000 ",November
050,A50033,5,White,STBGP & Act 416,Hwy. 67B – Hwy. 13 (S),367,Y,"$1,862,000 ",November
060,A50052,5,Independence,STBGP & Act 416,Stone Co. Line – Hwy. 25 (S),14,Y,"$2,111,000 ",November
070,061922,6,Garland,Safety,Hwys. 7 & 70B Ped. Impvts. (Garland Co.) (S),7 & 70,Y,"$4,084,000 ",November
080,A60066,6,Pulaski,STBGP & Act 416,Hwy. 367 – Hwy. 365 (S),338,Y,"$4,164,000 ",November
090,A70049,7,Calhoun,NHPP & Act 416,Ouachita River – North (S),167,Y,"$2,159,000 ",November
100,A70050,7,Clark,STBGP & Act 416,Hwy. 67 – Hwy. 51 (S),182,N,"$6,344,000 ",November
110,A80050,8,Van Buren,NHPP & Act 416,Hwy. 95 – Hwy. 124 (S),65,Y,"$6,187,000 ",November
120,A90050,9,Baxter,STBGP & Act 416,Missouri State Line – Hwy. 62 (S),101,N,"$3,362,000 ",November
130,A90051,9,Carroll,NHPP & Act 416,Hwy. 412 Impvts. (Carroll Co.) (S),412,Y,"$5,109,000 ",November
140,101141,10,Mississippi,STBGP & Local,Hwys. 61/140 Inters. Impvts. (Osceola) (S),61 & 140,Y,"$2,988,000 ",November
150,A00103,10,Craighead,NHPP & Act 416,Monette – Mississippi Co. Line (S),18,Y,"$1,344,000 ",November
160,BR4401,9,Madison,STBGP & State Aid,War Eagle Creek Str. & Apprs. (S),7,-,"$5,236,000 ",November
170,FA0314,9,Baxter,STBGP & State Aid,Hwy. 341 Southeast – Stone Co. Line (Phase 2) (S),CR 73,-,"$3,769,000 ",November
